{"ec": {"slope": 84.36820177103932, "intercept": 0.02044976612322454}, "res": {"a": 0.2122869276538259, "b": 0.009358128062534792}}